{
  "physics":{
    "constants":{
      "c": 299792458,
      "Gf": 1.166364,
    },
    "mass":{
      "e": 0.511,
      "mu": 105.758,
      "pi0": 134.977,
      "pi+": 139.570,
      "k0": 497.648,
      "k+": 493.667,
    },
    "ckm":{
      "ud": 0.97427,
      "us": 0.22534,
    },
    "decayConst":{
      "pi0": 130,
      "pi+": 130.7,
      "k+": 159.8,
    },
  },
  "experiment":{
    "detector":{
      "width": 2.56,
      "height": 2.33,
      "length": 10.37,
      "distance": 470,
    },
    "decayPipe":{
      "length": 50,
    },
  },
}
