{
  "physics":{
    "constants":{
      "c": 299792458,
      "Gf": 1.166364,
    },
    "mass":{
      "e": 0.511,
      "mu": 105.758,
      "pi0": 134.977,
      "pi+": 139.570,
      "k0": 497.648,
      "k+": 493.667,
    },
    "mean_life":{
      "pi0": 8.52e-17,
      "pi+": 2.6033e-8,
      "k+": 1.238e-8,
    },
    "ckm":{
      "ud": 0.97427,
      "us": 0.2248,
    },
    "decay_const":{
      "pi0": 130,
      "pi+": 130.2,
      "k+": 155.6,
    },
  },
  "experiment":{
    "detector":{
      "width": 2.56,
      "height": 2.33,
      "length": 10.37,
      "distance": 470,
    },
    "decay_pipe":{
      "length": 50,
    },
  },
}
